{
  "id": "331eefdb-413d-47f9-a6a5-7c0a1829e88d",
  "generation": 3,
  "iteration": 25,
  "timestamp": 1782638441.0565283,
  "parent_id": "e56fe51e-70b7-4015-9e95-871c73ed38aa",
  "metrics": {
    "combined_score": 0.7210774958008681,
    "geomean_us": 1048.431
  },
  "language": "python",
  "saved_at": 1782638441.9882264
}