{
  "num_islands": 2,
  "current_island": 1,
  "iteration_count": 19,
  "global_best_score": 0.7058968531566474,
  "decay": 0.9,
  "intensity_min": 0.15,
  "intensity_max": 0.5,
  "migration_interval": 8,
  "diversity_strategy_type": "code",
  "use_unified_archive": true,
  "use_adaptive_search": true,
  "use_ucb_selection": true,
  "fixed_intensity": 0.4,
  "adapter": {
    "states": [
      {
        "accumulated_signal": 0.18816067054015692,
        "best_score": 0.7058968531566474,
        "improvement_count": 4,
        "total_evaluations": 9,
        "decay": 0.9,
        "epsilon": 1e-08,
        "intensity_min": 0.15,
        "intensity_max": 0.5
      },
      {
        "accumulated_signal": 0.115726585357886,
        "best_score": 0.7058968531566474,
        "improvement_count": 4,
        "total_evaluations": 7,
        "decay": 0.9,
        "epsilon": 1e-08,
        "intensity_min": 0.15,
        "intensity_max": 0.5
      }
    ],
    "dimension_visits": [
      9,
      7
    ],
    "dimension_rewards": [
      1.192127325675795,
      0.6332330284712571
    ],
    "decayed_visits": [
      6.12579511,
      5.217031
    ],
    "global_best_score": 0.7058968531566474,
    "ucb_exploration": 1.41,
    "min_visits": 3,
    "decay": 0.9,
    "epsilon": 1e-08
  },
  "island_config_names": [
    "balanced",
    "balanced"
  ],
  "islands": [
    [
      "10ff5e7e-5f85-4368-980a-0d452165d1cf",
      "9a099588-6d92-4804-b897-18d701926943",
      "8d337bad-d1be-486d-a3d3-12d1717a8855",
      "0d6eea04-d518-49f8-9e1f-0f0018003780",
      "31faf506-b8be-4f53-89b5-6407aa8773d4",
      "76298b4c-476b-4a61-b2bb-6c44eff7b043",
      "93d10648-1e06-4b7e-930e-ec622df6f91c",
      "8a324c5f-6bad-4e94-bd9e-605d23eb2cb7",
      "3e716c46-6fa0-4ef2-b7b3-bf08f4b8e6f2"
    ],
    [
      "ce0c9aef-079b-4c85-bf00-c8bf2bc3bad1",
      "d2a31ebe-bdbb-4e68-9fd1-8b3de4d052c7",
      "3f928fa7-352a-496e-a150-2c06b0437ad4",
      "ea4184c7-6103-4037-97a4-cf91f361c178",
      "5e224c71-57f7-49e0-aa3c-9e7de60c5893",
      "2e7d8da2-15fd-48e8-b77a-74809717d58f",
      "e56fe51e-70b7-4015-9e95-871c73ed38aa",
      "d9415790-10cb-4971-9f87-d5fb0e99195a",
      "08964d45-454f-4160-94a6-e5af8e58043e",
      "17b8c9f1-5565-4361-95b4-3eab11654136"
    ]
  ],
  "archive_genealogies": [
    {
      "parents": {
        "10ff5e7e-5f85-4368-980a-0d452165d1cf": [],
        "9a099588-6d92-4804-b897-18d701926943": [
          "10ff5e7e-5f85-4368-980a-0d452165d1cf"
        ],
        "8d337bad-d1be-486d-a3d3-12d1717a8855": [
          "9a099588-6d92-4804-b897-18d701926943"
        ],
        "0d6eea04-d518-49f8-9e1f-0f0018003780": [
          "9a099588-6d92-4804-b897-18d701926943"
        ],
        "31faf506-b8be-4f53-89b5-6407aa8773d4": [
          "8d337bad-d1be-486d-a3d3-12d1717a8855"
        ],
        "76298b4c-476b-4a61-b2bb-6c44eff7b043": [
          "5e224c71-57f7-49e0-aa3c-9e7de60c5893"
        ],
        "93d10648-1e06-4b7e-930e-ec622df6f91c": [
          "31faf506-b8be-4f53-89b5-6407aa8773d4"
        ],
        "8a324c5f-6bad-4e94-bd9e-605d23eb2cb7": [
          "31faf506-b8be-4f53-89b5-6407aa8773d4"
        ],
        "3e716c46-6fa0-4ef2-b7b3-bf08f4b8e6f2": [
          "31faf506-b8be-4f53-89b5-6407aa8773d4"
        ]
      },
      "children": {
        "10ff5e7e-5f85-4368-980a-0d452165d1cf": [
          "9a099588-6d92-4804-b897-18d701926943"
        ],
        "9a099588-6d92-4804-b897-18d701926943": [
          "8d337bad-d1be-486d-a3d3-12d1717a8855",
          "0d6eea04-d518-49f8-9e1f-0f0018003780"
        ],
        "8d337bad-d1be-486d-a3d3-12d1717a8855": [
          "31faf506-b8be-4f53-89b5-6407aa8773d4"
        ],
        "5e224c71-57f7-49e0-aa3c-9e7de60c5893": [
          "76298b4c-476b-4a61-b2bb-6c44eff7b043"
        ],
        "31faf506-b8be-4f53-89b5-6407aa8773d4": [
          "93d10648-1e06-4b7e-930e-ec622df6f91c",
          "8a324c5f-6bad-4e94-bd9e-605d23eb2cb7",
          "3e716c46-6fa0-4ef2-b7b3-bf08f4b8e6f2"
        ]
      }
    },
    {
      "parents": {
        "ce0c9aef-079b-4c85-bf00-c8bf2bc3bad1": [],
        "d2a31ebe-bdbb-4e68-9fd1-8b3de4d052c7": [
          "ce0c9aef-079b-4c85-bf00-c8bf2bc3bad1"
        ],
        "3f928fa7-352a-496e-a150-2c06b0437ad4": [
          "ce0c9aef-079b-4c85-bf00-c8bf2bc3bad1"
        ],
        "ea4184c7-6103-4037-97a4-cf91f361c178": [
          "3f928fa7-352a-496e-a150-2c06b0437ad4"
        ],
        "5e224c71-57f7-49e0-aa3c-9e7de60c5893": [
          "ea4184c7-6103-4037-97a4-cf91f361c178"
        ],
        "2e7d8da2-15fd-48e8-b77a-74809717d58f": [
          "31faf506-b8be-4f53-89b5-6407aa8773d4"
        ],
        "e56fe51e-70b7-4015-9e95-871c73ed38aa": [
          "0d6eea04-d518-49f8-9e1f-0f0018003780"
        ],
        "d9415790-10cb-4971-9f87-d5fb0e99195a": [
          "9a099588-6d92-4804-b897-18d701926943"
        ],
        "08964d45-454f-4160-94a6-e5af8e58043e": [
          "5e224c71-57f7-49e0-aa3c-9e7de60c5893"
        ],
        "17b8c9f1-5565-4361-95b4-3eab11654136": [
          "93d10648-1e06-4b7e-930e-ec622df6f91c"
        ]
      },
      "children": {
        "ce0c9aef-079b-4c85-bf00-c8bf2bc3bad1": [
          "d2a31ebe-bdbb-4e68-9fd1-8b3de4d052c7",
          "3f928fa7-352a-496e-a150-2c06b0437ad4"
        ],
        "3f928fa7-352a-496e-a150-2c06b0437ad4": [
          "ea4184c7-6103-4037-97a4-cf91f361c178"
        ],
        "ea4184c7-6103-4037-97a4-cf91f361c178": [
          "5e224c71-57f7-49e0-aa3c-9e7de60c5893"
        ],
        "31faf506-b8be-4f53-89b5-6407aa8773d4": [
          "2e7d8da2-15fd-48e8-b77a-74809717d58f"
        ],
        "0d6eea04-d518-49f8-9e1f-0f0018003780": [
          "e56fe51e-70b7-4015-9e95-871c73ed38aa"
        ],
        "9a099588-6d92-4804-b897-18d701926943": [
          "d9415790-10cb-4971-9f87-d5fb0e99195a"
        ],
        "5e224c71-57f7-49e0-aa3c-9e7de60c5893": [
          "08964d45-454f-4160-94a6-e5af8e58043e"
        ],
        "93d10648-1e06-4b7e-930e-ec622df6f91c": [
          "17b8c9f1-5565-4361-95b4-3eab11654136"
        ]
      }
    }
  ],
  "use_paradigm_breakthrough": true,
  "paradigm_tracker": {
    "window_size": 6,
    "improvement_threshold": 0.05,
    "max_paradigm_uses": 2,
    "max_tried_paradigms": 10,
    "num_paradigms_to_generate": 2,
    "improvement_history": [
      0.0,
      0.0,
      0.0,
      0.0,
      0.0,
      0.0
    ],
    "active_paradigms": [
      {
        "idea": "Custom Triton kernel fusing dP computation, dropout backward, and softmax backward into a single kernel, with a separate optimized dV kernel exploiting GQA",
        "description": "Write a Triton kernel that: (1) for dS computation - loads dO tiles and V tiles (shared across 10 query heads per KV head), computes dP_dropped = dO @ V^T in the kernel, applies dropout mask and scale, then computes softmax backward dS = P*(dP - sum(dP*P)) all in one fused pass without materializing dP; (2) for dV computation - write a separate Triton kernel that accumulates contributions from all 10 query groups into dV, loading P_dropped and dO tiles. Use block sizes tuned for B200 (BLOCK_M=64, BLOCK_N=64, BLOCK_K=128). The key optimization is that V tiles are reused across all 10 query heads in the same KV group, reducing memory bandwidth by 10x for the V loads. Store dS directly in bf16. Use tl.dot for tensor cores.",
        "what_to_optimize": "Memory bandwidth reduction by fusing operations and exploiting GQA structure to reuse V across 10 query heads, eliminating intermediate tensor materialization of dP_dropped [bs,80,sq,skv]",
        "cautions": "Triton kernel correctness is tricky - test against reference carefully. Handle non-power-of-2 sequence lengths with masking. The softmax backward requires accumulating sum(dP*P) which needs a reduction within the kernel. Use float32 accumulators for the matmul and softmax backward. Be careful with the GQA indexing: head_idx // 10 gives the KV head index.",