{
  "id": "31faf506-b8be-4f53-89b5-6407aa8773d4",
  "generation": 3,
  "iteration": 7,
  "current_iteration": 20,
  "metrics": {
    "combined_score": 0.7058968531566474,
    "geomean_us": 1070.978
  },
  "language": "python",
  "timestamp": 1782636710.139629,
  "saved_at": 1782637978.9977896
}