{
  "id": "9db4625f-0cb0-4684-bee6-4355849f8072",
  "generation": 4,
  "iteration": 9,
  "current_iteration": 10,
  "metrics": {
    "combined_score": 1.6784558206450066,
    "geomean_us": 450.414
  },
  "language": "python",
  "timestamp": 1782634820.232305,
  "saved_at": 1782634858.2965071
}