{
  "id": "ea4184c7-6103-4037-97a4-cf91f361c178",
  "generation": 2,
  "iteration": 5,
  "current_iteration": 5,
  "metrics": {
    "combined_score": 0.4307000242696046,
    "geomean_us": 1755.282
  },
  "language": "python",
  "timestamp": 1782636571.246057,
  "saved_at": 1782636571.3822534
}