{
  "id": "6518299d-5e62-4f62-9d8f-afdb03a34730",
  "generation": 2,
  "iteration": 11,
  "current_iteration": 15,
  "metrics": {
    "combined_score": 1.6833292511856783,
    "geomean_us": 449.11
  },
  "language": "python",
  "timestamp": 1782634897.8420553,
  "saved_at": 1782635127.3447437
}