{
  "id": "b57c6583-f028-49b1-af6c-be7284a63396",
  "generation": 2,
  "iteration": 3,
  "current_iteration": 5,
  "metrics": {
    "combined_score": 0.9375499933652216,
    "geomean_us": 806.357
  },
  "language": "python",
  "timestamp": 1782634414.127442,
  "saved_at": 1782634520.6570587
}