{
  "id": "331eefdb-413d-47f9-a6a5-7c0a1829e88d",
  "generation": 3,
  "iteration": 25,
  "current_iteration": 25,
  "metrics": {
    "combined_score": 0.7210774958008681,
    "geomean_us": 1048.431
  },
  "language": "python",
  "timestamp": 1782638441.0565283,
  "saved_at": 1782638441.9646003
}